[
    {
        "file": "char_0.png",
        "char": "P"
    },
    {
        "file": "char_1.png",
        "char": "e"
    },
    {
        "file": "char_2.png",
        "char": "M"
    },
    {
        "file": "char_3.png",
        "char": "r"
    },
    {
        "file": "char_4.png",
        "char": "n"
    },
    {
        "file": "char_5.png",
        "char": "f"
    },
    {
        "file": "char_6.png",
        "char": "a"
    },
    {
        "file": "char_7.png",
        "char": "n"
    },
    {
        "file": "char_8.png",
        "char": "o"
    },
    {
        "file": "char_9.png",
        "char": "r"
    },
    {
        "file": "char_10.png",
        "char": "p"
    },
    {
        "file": "char_11.png",
        "char": "r"
    },
    {
        "file": "char_12.png",
        "char": "o"
    },
    {
        "file": "char_13.png",
        "char": "v"
    },
    {
        "file": "char_14.png",
        "char": "a"
    },
    {
        "file": "char_15.png",
        "char": "r"
    },
    {
        "file": "char_16.png",
        "char": "e"
    },
    {
        "file": "char_17.png",
        "char": "v"
    },
    {
        "file": "char_18.png",
        "char": "a"
    },
    {
        "file": "char_19.png",
        "char": "r"
    },
    {
        "file": "char_20.png",
        "char": "L"
    },
    {
        "file": "char_21.png",
        "char": "a"
    },
    {
        "file": "char_22.png",
        "char": "r"
    },
    {
        "file": "char_23.png",
        "char": "r"
    },
    {
        "file": "char_24.png",
        "char": "G"
    },
    {
        "file": "char_25.png",
        "char": "a"
    },
    {
        "file": "char_26.png",
        "char": "l"
    },
    {
        "file": "char_27.png",
        "char": "l"
    },
    {
        "file": "char_28.png",
        "char": "a"
    },
    {
        "file": "char_29.png",
        "char": "l"
    },
    {
        "file": "char_30.png",
        "char": "u"
    },
    {
        "file": "char_31.png",
        "char": "n"
    },
    {
        "file": "char_32.png",
        "char": "a"
    },
    {
        "file": "char_33.png",
        "char": "e"
    },
    {
        "file": "char_34.png",
        "char": "v"
    },
    {
        "file": "char_35.png",
        "char": "i"
    },
    {
        "file": "char_36.png",
        "char": "["
    },
    {
        "file": "char_37.png",
        "char": "p"
    },
    {
        "file": "char_38.png",
        "char": "l"
    },
    {
        "file": "char_39.png",
        "char": "s"
    },
    {
        "file": "char_40.png",
        "char": "n"
    },
    {
        "file": "char_41.png",
        "char": "t"
    },
    {
        "file": "char_42.png",
        "char": "e"
    },
    {
        "file": "char_43.png",
        "char": "C"
    },
    {
        "file": "char_44.png",
        "char": "A"
    },
    {
        "file": "char_45.png",
        "char": "S"
    },
    {
        "file": "char_46.png",
        "char": "A"
    },
    {
        "file": "char_47.png",
        "char": "L"
    },
    {
        "file": "char_48.png",
        "char": "e"
    },
    {
        "file": "char_49.png",
        "char": "g"
    },
    {
        "file": "char_50.png",
        "char": "e"
    },
    {
        "file": "char_51.png",
        "char": "r"
    },
    {
        "file": "char_52.png",
        "char": "N"
    },
    {
        "file": "char_53.png",
        "char": "a"
    },
    {
        "file": "char_54.png",
        "char": "f"
    },
    {
        "file": "char_55.png",
        "char": "D"
    },
    {
        "file": "char_56.png",
        "char": "o"
    },
    {
        "file": "char_57.png",
        "char": "l"
    },
    {
        "file": "char_58.png",
        "char": "p"
    },
    {
        "file": "char_59.png",
        "char": "u"
    },
    {
        "file": "char_60.png",
        "char": "r"
    },
    {
        "file": "char_61.png",
        "char": "l"
    },
    {
        "file": "char_62.png",
        "char": "a"
    },
    {
        "file": "char_63.png",
        "char": "["
    },
    {
        "file": "char_64.png",
        "char": "i"
    },
    {
        "file": "char_65.png",
        "char": "t"
    },
    {
        "file": "char_66.png",
        "char": "e"
    },
    {
        "file": "char_67.png",
        "char": "f"
    },
    {
        "file": "char_68.png",
        "char": "i"
    },
    {
        "file": "char_69.png",
        "char": "c"
    },
    {
        "file": "char_70.png",
        "char": "r"
    },
    {
        "file": "char_71.png",
        "char": "p"
    },
    {
        "file": "char_72.png",
        "char": "c"
    },
    {
        "file": "char_73.png",
        "char": "h"
    },
    {
        "file": "char_74.png",
        "char": "e"
    },
    {
        "file": "char_75.png",
        "char": "m"
    },
    {
        "file": "char_76.png",
        "char": "a"
    },
    {
        "file": "char_77.png",
        "char": "b"
    },
    {
        "file": "char_78.png",
        "char": "f"
    },
    {
        "file": "char_79.png",
        "char": "p"
    },
    {
        "file": "char_80.png",
        "char": "l"
    },
    {
        "file": "char_81.png",
        "char": "o"
    },
    {
        "file": "char_82.png",
        "char": "n"
    },
    {
        "file": "char_83.png",
        "char": "m"
    },
    {
        "file": "char_84.png",
        "char": "o"
    },
    {
        "file": "char_85.png",
        "char": "r"
    },
    {
        "file": "char_86.png",
        "char": "e"
    },
    {
        "file": "char_87.png",
        "char": "q"
    },
    {
        "file": "char_88.png",
        "char": "u"
    },
    {
        "file": "char_89.png",
        "char": "e"
    },
    {
        "file": "char_90.png",
        "char": "f"
    },
    {
        "file": "char_91.png",
        "char": "i"
    },
    {
        "file": "char_92.png",
        "char": "f"
    },
    {
        "file": "char_93.png",
        "char": "n"
    },
    {
        "file": "char_94.png",
        "char": "a"
    },
    {
        "file": "char_95.png",
        "char": "l"
    },
    {
        "file": "char_96.png",
        "char": "l"
    },
    {
        "file": "char_97.png",
        "char": "e"
    },
    {
        "file": "char_98.png",
        "char": "M"
    },
    {
        "file": "char_99.png",
        "char": "t"
    },
    {
        "file": "char_100.png",
        "char": "r"
    },
    {
        "file": "char_101.png",
        "char": "o"
    },
    {
        "file": "char_102.png",
        "char": "f"
    },
    {
        "file": "char_103.png",
        "char": "e"
    },
    {
        "file": "char_104.png",
        "char": "n"
    },
    {
        "file": "char_105.png",
        "char": "t"
    },
    {
        "file": "char_106.png",
        "char": "e"
    },
    {
        "file": "char_107.png",
        "char": "v"
    },
    {
        "file": "char_108.png",
        "char": "l"
    },
    {
        "file": "char_109.png",
        "char": "R"
    },
    {
        "file": "char_110.png",
        "char": "O"
    },
    {
        "file": "char_111.png",
        "char": "u"
    },
    {
        "file": "char_112.png",
        "char": "n"
    },
    {
        "file": "char_113.png",
        "char": "o"
    },
    {
        "file": "char_114.png",
        "char": "c"
    },
    {
        "file": "char_115.png",
        "char": "o"
    },
    {
        "file": "char_116.png",
        "char": "m"
    },
    {
        "file": "char_117.png",
        "char": "p"
    },
    {
        "file": "char_118.png",
        "char": "e"
    },
    {
        "file": "char_119.png",
        "char": "a"
    },
    {
        "file": "char_120.png",
        "char": "r"
    },
    {
        "file": "char_121.png",
        "char": "s"
    },
    {
        "file": "char_122.png",
        "char": "o"
    },
    {
        "file": "char_123.png",
        "char": "l"
    },
    {
        "file": "char_124.png",
        "char": "e"
    },
    {
        "file": "char_125.png",
        "char": "."
    },
    {
        "file": "char_126.png",
        "char": "p"
    },
    {
        "file": "char_127.png",
        "char": "o"
    },
    {
        "file": "char_128.png",
        "char": "«"
    },
    {
        "file": "char_129.png",
        "char": "I"
    },
    {
        "file": "char_130.png",
        "char": "f"
    },
    {
        "file": "char_131.png",
        "char": "4"
    },
    {
        "file": "char_132.png",
        "char": "c"
    },
    {
        "file": "char_133.png",
        "char": "o"
    },
    {
        "file": "char_134.png",
        "char": "n"
    },
    {
        "file": "char_135.png",
        "char": "f"
    },
    {
        "file": "char_136.png",
        "char": "o"
    },
    {
        "file": "char_137.png",
        "char": "{"
    },
    {
        "file": "char_138.png",
        "char": "("
    },
    {
        "file": "char_139.png",
        "char": "a"
    },
    {
        "file": "char_140.png",
        "char": "n"
    },
    {
        "file": "char_141.png",
        "char": "t"
    },
    {
        "file": "char_142.png",
        "char": "e"
    },
    {
        "file": "char_143.png",
        "char": "c"
    },
    {
        "file": "char_144.png",
        "char": "h"
    },
    {
        "file": "char_145.png",
        "char": "a"
    },
    {
        "file": "char_146.png",
        "char": "i"
    },
    {
        "file": "char_147.png",
        "char": "m"
    },
    {
        "file": "char_148.png",
        "char": "r"
    },
    {
        "file": "char_149.png",
        "char": "p"
    },
    {
        "file": "char_150.png",
        "char": "r"
    },
    {
        "file": "char_151.png",
        "char": "e"
    },
    {
        "file": "char_152.png",
        "char": "b"
    },
    {
        "file": "char_153.png",
        "char": "n"
    },
    {
        "file": "char_154.png",
        "char": "r"
    },
    {
        "file": "char_155.png",
        "char": "i"
    },
    {
        "file": "char_156.png",
        "char": "("
    },
    {
        "file": "char_157.png",
        "char": "r"
    },
    {
        "file": "char_158.png",
        "char": "o"
    },
    {
        "file": "char_159.png",
        "char": "t"
    },
    {
        "file": "char_160.png",
        "char": "a"
    },
    {
        "file": "char_161.png",
        "char": "P"
    },
    {
        "file": "char_162.png",
        "char": "i"
    },
    {
        "file": "char_163.png",
        "char": "i"
    },
    {
        "file": "char_164.png",
        "char": "M"
    },
    {
        "file": "char_165.png",
        "char": "J"
    },
    {
        "file": "char_166.png",
        "char": "T"
    },
    {
        "file": "char_167.png",
        "char": "b"
    },
    {
        "file": "char_168.png",
        "char": "r"
    },
    {
        "file": "char_169.png",
        "char": "r"
    },
    {
        "file": "char_170.png",
        "char": "n"
    },
    {
        "file": "char_171.png",
        "char": "m"
    },
    {
        "file": "char_172.png",
        "char": "a"
    },
    {
        "file": "char_173.png",
        "char": "w"
    },
    {
        "file": "char_174.png",
        "char": "o"
    },
    {
        "file": "char_175.png",
        "char": "m"
    },
    {
        "file": "char_176.png",
        "char": "r"
    },
    {
        "file": "char_177.png",
        "char": "e"
    },
    {
        "file": "char_178.png",
        "char": "a"
    },
    {
        "file": "char_179.png",
        "char": "f"
    },
    {
        "file": "char_180.png",
        "char": "a"
    },
    {
        "file": "char_181.png",
        "char": "F"
    },
    {
        "file": "char_182.png",
        "char": "a"
    },
    {
        "file": "char_183.png",
        "char": "l"
    },
    {
        "file": "char_184.png",
        "char": "k"
    },
    {
        "file": "char_185.png",
        "char": "e"
    },
    {
        "file": "char_186.png",
        "char": "["
    },
    {
        "file": "char_187.png",
        "char": "n"
    },
    {
        "file": "char_188.png",
        "char": "o"
    },
    {
        "file": "char_189.png",
        "char": "p"
    },
    {
        "file": "char_190.png",
        "char": "m"
    },
    {
        "file": "char_191.png",
        "char": "f"
    },
    {
        "file": "char_192.png",
        "char": "t"
    },
    {
        "file": "char_193.png",
        "char": "a"
    },
    {
        "file": "char_194.png",
        "char": "g"
    },
    {
        "file": "char_195.png",
        "char": "r"
    },
    {
        "file": "char_196.png",
        "char": "e"
    },
    {
        "file": "char_197.png",
        "char": "n"
    },
    {
        "file": "char_198.png",
        "char": "t"
    },
    {
        "file": "char_199.png",
        "char": "o"
    },
    {
        "file": "char_200.png",
        "char": "c"
    },
    {
        "file": "char_201.png",
        "char": "i"
    },
    {
        "file": "char_202.png",
        "char": "r"
    },
    {
        "file": "char_203.png",
        "char": "e"
    },
    {
        "file": "char_204.png",
        "char": "f"
    },
    {
        "file": "char_205.png",
        "char": "i"
    },
    {
        "file": "char_206.png",
        "char": "e"
    },
    {
        "file": "char_207.png",
        "char": "i"
    },
    {
        "file": "char_208.png",
        "char": "l"
    },
    {
        "file": "char_209.png",
        "char": "a"
    },
    {
        "file": "char_210.png",
        "char": "r"
    },
    {
        "file": "char_211.png",
        "char": "i"
    },
    {
        "file": "char_212.png",
        "char": ":"
    },
    {
        "file": "char_213.png",
        "char": "c"
    },
    {
        "file": "char_214.png",
        "char": "u"
    },
    {
        "file": "char_215.png",
        "char": "s"
    },
    {
        "file": "char_216.png",
        "char": "A"
    },
    {
        "file": "char_217.png",
        "char": "l"
    },
    {
        "file": "char_218.png",
        "char": "a"
    },
    {
        "file": "char_219.png",
        "char": "r"
    },
    {
        "file": "char_220.png",
        "char": "r"
    },
    {
        "file": "char_221.png",
        "char": "r"
    },
    {
        "file": "char_222.png",
        "char": "n"
    },
    {
        "file": "char_223.png",
        "char": "e"
    },
    {
        "file": "char_224.png",
        "char": "f"
    },
    {
        "file": "char_225.png",
        "char": "a"
    },
    {
        "file": "char_226.png",
        "char": "r"
    },
    {
        "file": "char_227.png",
        "char": "m"
    },
    {
        "file": "char_228.png",
        "char": "o"
    },
    {
        "file": "char_229.png",
        "char": "G"
    },
    {
        "file": "char_230.png",
        "char": "U"
    },
    {
        "file": "char_231.png",
        "char": "N"
    },
    {
        "file": "char_232.png",
        "char": "“"
    },
    {
        "file": "char_233.png",
        "char": "("
    },
    {
        "file": "char_234.png",
        "char": "f"
    },
    {
        "file": "char_235.png",
        "char": "e"
    },
    {
        "file": "char_236.png",
        "char": "d"
    },
    {
        "file": "char_237.png",
        "char": "e"
    },
    {
        "file": "char_238.png",
        "char": "V"
    },
    {
        "file": "char_239.png",
        "char": "A"
    },
    {
        "file": "char_240.png",
        "char": "c"
    },
    {
        "file": "char_241.png",
        "char": "a"
    },
    {
        "file": "char_242.png",
        "char": "f"
    },
    {
        "file": "char_243.png",
        "char": "i"
    },
    {
        "file": "char_244.png",
        "char": "["
    },
    {
        "file": "char_245.png",
        "char": "p"
    },
    {
        "file": "char_246.png",
        "char": "a"
    },
    {
        "file": "char_247.png",
        "char": "r"
    },
    {
        "file": "char_248.png",
        "char": "e"
    },
    {
        "file": "char_249.png",
        "char": "t"
    },
    {
        "file": "char_250.png",
        "char": "e"
    },
    {
        "file": "char_251.png",
        "char": "["
    },
    {
        "file": "char_252.png",
        "char": "a"
    },
    {
        "file": "char_253.png",
        "char": "c"
    },
    {
        "file": "char_254.png",
        "char": "{"
    },
    {
        "file": "char_255.png",
        "char": "i"
    },
    {
        "file": "char_256.png",
        "char": "i"
    },
    {
        "file": "char_257.png",
        "char": "m"
    },
    {
        "file": "char_258.png",
        "char": "a"
    },
    {
        "file": "char_259.png",
        "char": "m"
    },
    {
        "file": "char_260.png",
        "char": "i"
    },
    {
        "file": "char_261.png",
        "char": "e"
    },
    {
        "file": "char_262.png",
        "char": "t"
    },
    {
        "file": "char_263.png",
        "char": "e"
    },
    {
        "file": "char_264.png",
        "char": "s"
    },
    {
        "file": "char_265.png",
        "char": "p"
    },
    {
        "file": "char_266.png",
        "char": "o"
    },
    {
        "file": "char_267.png",
        "char": "r"
    },
    {
        "file": "char_268.png",
        "char": "r"
    },
    {
        "file": "char_269.png",
        "char": "e"
    },
    {
        "file": "char_270.png",
        "char": "b"
    },
    {
        "file": "char_271.png",
        "char": "e"
    },
    {
        "file": "char_272.png",
        "char": "M"
    },
    {
        "file": "char_273.png",
        "char": "g"
    },
    {
        "file": "char_274.png",
        "char": "n"
    },
    {
        "file": "char_275.png",
        "char": "u"
    },
    {
        "file": "char_276.png",
        "char": "f"
    },
    {
        "file": "char_277.png",
        "char": "f"
    },
    {
        "file": "char_278.png",
        "char": "a"
    },
    {
        "file": "char_279.png",
        "char": "f"
    },
    {
        "file": "char_280.png",
        "char": "u"
    },
    {
        "file": "char_281.png",
        "char": "f"
    },
    {
        "file": "char_282.png",
        "char": "i"
    },
    {
        "file": "char_283.png",
        "char": "t"
    },
    {
        "file": "char_284.png",
        "char": "o"
    },
    {
        "file": "char_285.png",
        "char": "c"
    },
    {
        "file": "char_286.png",
        "char": "o"
    },
    {
        "file": "char_287.png",
        "char": "m"
    },
    {
        "file": "char_288.png",
        "char": "o"
    },
    {
        "file": "char_289.png",
        "char": "d"
    },
    {
        "file": "char_290.png",
        "char": "i"
    },
    {
        "file": "char_291.png",
        "char": "G"
    },
    {
        "file": "char_292.png",
        "char": "o"
    },
    {
        "file": "char_293.png",
        "char": "l"
    },
    {
        "file": "char_294.png",
        "char": "i"
    },
    {
        "file": "char_295.png",
        "char": "a"
    },
    {
        "file": "char_296.png",
        "char": "n"
    },
    {
        "file": "char_297.png",
        "char": "n"
    },
    {
        "file": "char_298.png",
        "char": "o"
    },
    {
        "file": "char_299.png",
        "char": "f"
    },
    {
        "file": "char_300.png",
        "char": "a"
    },
    {
        "file": "char_301.png",
        "char": "r"
    },
    {
        "file": "char_302.png",
        "char": "i"
    },
    {
        "file": "char_303.png",
        "char": "i"
    },
    {
        "file": "char_304.png",
        "char": "b"
    },
    {
        "file": "char_305.png",
        "char": "i"
    },
    {
        "file": "char_306.png",
        "char": "t"
    },
    {
        "file": "char_307.png",
        "char": "a"
    },
    {
        "file": "char_308.png",
        "char": "S"
    },
    {
        "file": "char_309.png",
        "char": "A"
    },
    {
        "file": "char_310.png",
        "char": "I"
    },
    {
        "file": "char_311.png",
        "char": "g"
    },
    {
        "file": "char_312.png",
        "char": "i"
    },
    {
        "file": "char_313.png",
        "char": "d"
    },
    {
        "file": "char_314.png",
        "char": "i"
    },
    {
        "file": "char_315.png",
        "char": "e"
    },
    {
        "file": "char_316.png",
        "char": "m"
    },
    {
        "file": "char_317.png",
        "char": "q"
    },
    {
        "file": "char_318.png",
        "char": "l"
    },
    {
        "file": "char_319.png",
        "char": "l"
    },
    {
        "file": "char_320.png",
        "char": "o"
    },
    {
        "file": "char_321.png",
        "char": "P"
    },
    {
        "file": "char_322.png",
        "char": "r"
    },
    {
        "file": "char_323.png",
        "char": "a"
    },
    {
        "file": "char_324.png",
        "char": "n"
    },
    {
        "file": "char_325.png",
        "char": "o"
    },
    {
        "file": "char_326.png",
        "char": "s"
    },
    {
        "file": "char_327.png",
        "char": "u"
    },
    {
        "file": "char_328.png",
        "char": "s"
    },
    {
        "file": "char_329.png",
        "char": "f"
    },
    {
        "file": "char_330.png",
        "char": "f"
    },
    {
        "file": "char_331.png",
        "char": "n"
    },
    {
        "file": "char_332.png",
        "char": "f"
    },
    {
        "file": "char_333.png",
        "char": "u"
    },
    {
        "file": "char_334.png",
        "char": "e"
    },
    {
        "file": "char_335.png",
        "char": "d"
    },
    {
        "file": "char_336.png",
        "char": "o"
    },
    {
        "file": "char_337.png",
        "char": "n"
    },
    {
        "file": "char_338.png",
        "char": "v"
    },
    {
        "file": "char_339.png",
        "char": "o"
    },
    {
        "file": "char_340.png",
        "char": "l"
    },
    {
        "file": "char_341.png",
        "char": "l"
    },
    {
        "file": "char_342.png",
        "char": "e"
    },
    {
        "file": "char_343.png",
        "char": "p"
    },
    {
        "file": "char_344.png",
        "char": "e"
    },
    {
        "file": "char_345.png",
        "char": "r"
    },
    {
        "file": "char_346.png",
        "char": "s"
    },
    {
        "file": "char_347.png",
        "char": "f"
    },
    {
        "file": "char_348.png",
        "char": "("
    },
    {
        "file": "char_349.png",
        "char": "i"
    },
    {
        "file": "char_350.png",
        "char": "f"
    },
    {
        "file": "char_351.png",
        "char": "a"
    },
    {
        "file": "char_352.png",
        "char": "f"
    },
    {
        "file": "char_353.png",
        "char": "f"
    },
    {
        "file": "char_354.png",
        "char": "i"
    },
    {
        "file": "char_355.png",
        "char": "r"
    },
    {
        "file": "char_356.png",
        "char": "n"
    },
    {
        "file": "char_357.png",
        "char": "o"
    },
    {
        "file": "char_358.png",
        "char": "r"
    },
    {
        "file": "char_359.png",
        "char": "n"
    },
    {
        "file": "char_360.png",
        "char": "e"
    },
    {
        "file": "char_361.png",
        "char": "S"
    },
    {
        "file": "char_362.png",
        "char": "P"
    },
    {
        "file": "char_363.png",
        "char": "E"
    },
    {
        "file": "char_364.png",
        "char": "n"
    },
    {
        "file": "char_365.png",
        "char": "("
    },
    {
        "file": "char_366.png",
        "char": "e"
    },
    {
        "file": "char_367.png",
        "char": "g"
    },
    {
        "file": "char_368.png",
        "char": "u"
    },
    {
        "file": "char_369.png",
        "char": "i"
    },
    {
        "file": "char_370.png",
        "char": "g"
    },
    {
        "file": "char_371.png",
        "char": "a"
    },
    {
        "file": "char_372.png",
        "char": "m"
    },
    {
        "file": "char_373.png",
        "char": "i"
    },
    {
        "file": "char_374.png",
        "char": "«"
    },
    {
        "file": "char_375.png",
        "char": "d"
    },
    {
        "file": "char_376.png",
        "char": "i"
    },
    {
        "file": "char_377.png",
        "char": "f"
    },
    {
        "file": "char_378.png",
        "char": "f"
    },
    {
        "file": "char_379.png",
        "char": "e"
    },
    {
        "file": "char_380.png",
        "char": ":"
    },
    {
        "file": "char_381.png",
        "char": "+"
    },
    {
        "file": "char_382.png",
        "char": "r"
    },
    {
        "file": "char_383.png",
        "char": "e"
    },
    {
        "file": "char_384.png",
        "char": "e"
    },
    {
        "file": "char_385.png",
        "char": "g"
    },
    {
        "file": "char_386.png",
        "char": "i"
    },
    {
        "file": "char_387.png",
        "char": "v"
    },
    {
        "file": "char_388.png",
        "char": "i"
    },
    {
        "file": "char_389.png",
        "char": "b"
    },
    {
        "file": "char_390.png",
        "char": "e"
    },
    {
        "file": "char_391.png",
        "char": "r"
    },
    {
        "file": "char_392.png",
        "char": "f"
    },
    {
        "file": "char_393.png",
        "char": "a"
    },
    {
        "file": "char_394.png",
        "char": "i"
    },
    {
        "file": "char_395.png",
        "char": "e"
    },
    {
        "file": "char_396.png",
        "char": "n"
    },
    {
        "file": "char_397.png",
        "char": "e"
    },
    {
        "file": "char_398.png",
        "char": "b"
    },
    {
        "file": "char_399.png",
        "char": "r"
    },
    {
        "file": "char_400.png",
        "char": "i"
    },
    {
        "file": "char_401.png",
        "char": "e"
    },
    {
        "file": "char_402.png",
        "char": "f"
    },
    {
        "file": "char_403.png",
        "char": "I"
    },
    {
        "file": "char_404.png",
        "char": "T"
    },
    {
        "file": "char_405.png",
        "char": "c"
    },
    {
        "file": "char_406.png",
        "char": "o"
    },
    {
        "file": "char_407.png",
        "char": "l"
    },
    {
        "file": "char_408.png",
        "char": "l"
    },
    {
        "file": "char_409.png",
        "char": "a"
    },
    {
        "file": "char_410.png",
        "char": "t"
    },
    {
        "file": "char_411.png",
        "char": "e"
    },
    {
        "file": "char_412.png",
        "char": "r"
    },
    {
        "file": "char_413.png",
        "char": "r"
    },
    {
        "file": "char_414.png",
        "char": "a"
    },
    {
        "file": "char_415.png",
        "char": "T"
    },
    {
        "file": "char_416.png",
        "char": "e"
    },
    {
        "file": "char_417.png",
        "char": "v"
    },
    {
        "file": "char_418.png",
        "char": "a"
    },
    {
        "file": "char_419.png",
        "char": "a"
    },
    {
        "file": "char_420.png",
        "char": "f"
    },
    {
        "file": "char_421.png",
        "char": "i"
    },
    {
        "file": "char_422.png",
        "char": "m"
    },
    {
        "file": "char_423.png",
        "char": "a"
    },
    {
        "file": "char_424.png",
        "char": "l"
    },
    {
        "file": "char_425.png",
        "char": "o"
    },
    {
        "file": "char_426.png",
        "char": "C"
    },
    {
        "file": "char_427.png",
        "char": "o"
    },
    {
        "file": "char_428.png",
        "char": "f"
    },
    {
        "file": "char_429.png",
        "char": "u"
    },
    {
        "file": "char_430.png",
        "char": "e"
    },
    {
        "file": "char_431.png",
        "char": "n"
    },
    {
        "file": "char_432.png",
        "char": "e"
    },
    {
        "file": "char_433.png",
        "char": "q"
    },
    {
        "file": "char_434.png",
        "char": "u"
    },
    {
        "file": "char_435.png",
        "char": "e"
    },
    {
        "file": "char_436.png",
        "char": "a"
    },
    {
        "file": "char_437.png",
        "char": "u"
    },
    {
        "file": "char_438.png",
        "char": "}"
    },
    {
        "file": "char_439.png",
        "char": ":"
    },
    {
        "file": "char_440.png",
        "char": "{"
    },
    {
        "file": "char_441.png",
        "char": "i"
    },
    {
        "file": "char_442.png",
        "char": "n"
    },
    {
        "file": "char_443.png",
        "char": "o"
    },
    {
        "file": "char_444.png",
        "char": "s"
    },
    {
        "file": "char_445.png",
        "char": "a"
    },
    {
        "file": "char_446.png",
        "char": "p"
    },
    {
        "file": "char_447.png",
        "char": "e"
    },
    {
        "file": "char_448.png",
        "char": "r"
    },
    {
        "file": "char_449.png",
        "char": "e"
    },
    {
        "file": "char_450.png",
        "char": "["
    },
    {
        "file": "char_451.png",
        "char": "p"
    },
    {
        "file": "char_452.png",
        "char": "a"
    },
    {
        "file": "char_453.png",
        "char": "g"
    },
    {
        "file": "char_454.png",
        "char": "a"
    },
    {
        "file": "char_455.png",
        "char": "r"
    },
    {
        "file": "char_456.png",
        "char": "e"
    },
    {
        "file": "char_457.png",
        "char": "h"
    },
    {
        "file": "char_458.png",
        "char": "f"
    },
    {
        "file": "char_459.png",
        "char": "c"
    },
    {
        "file": "char_460.png",
        "char": "o"
    },
    {
        "file": "char_461.png",
        "char": "r"
    },
    {
        "file": "char_462.png",
        "char": "e"
    },
    {
        "file": "char_463.png",
        "char": "«"
    },
    {
        "file": "char_464.png",
        "char": "e"
    },
    {
        "file": "char_465.png",
        "char": "l"
    },
    {
        "file": "char_466.png",
        "char": "c"
    },
    {
        "file": "char_467.png",
        "char": "r"
    },
    {
        "file": "char_468.png",
        "char": "i"
    },
    {
        "file": "char_469.png",
        "char": "i"
    },
    {
        "file": "char_470.png",
        "char": "f"
    },
    {
        "file": "char_471.png",
        "char": "e"
    },
    {
        "file": "char_472.png",
        "char": "i"
    },
    {
        "file": "char_473.png",
        "char": "i"
    },
    {
        "file": "char_474.png",
        "char": "v"
    },
    {
        "file": "char_475.png",
        "char": "e"
    },
    {
        "file": "char_476.png",
        "char": "«"
    },
    {
        "file": "char_477.png",
        "char": "f"
    },
    {
        "file": "char_478.png",
        "char": "a"
    },
    {
        "file": "char_479.png",
        "char": "f"
    },
    {
        "file": "char_480.png",
        "char": "f"
    },
    {
        "file": "char_481.png",
        "char": "a"
    },
    {
        "file": "char_482.png",
        "char": "n"
    },
    {
        "file": "char_483.png",
        "char": "H"
    },
    {
        "file": "char_484.png",
        "char": "f"
    },
    {
        "file": "char_485.png",
        "char": "e"
    },
    {
        "file": "char_486.png",
        "char": "l"
    },
    {
        "file": "char_487.png",
        "char": "a"
    },
    {
        "file": "char_488.png",
        "char": "l"
    },
    {
        "file": "char_489.png",
        "char": "a"
    },
    {
        "file": "char_490.png",
        "char": "n"
    },
    {
        "file": "char_491.png",
        "char": "o"
    },
    {
        "file": "char_492.png",
        "char": "("
    },
    {
        "file": "char_493.png",
        "char": "r"
    },
    {
        "file": "char_494.png",
        "char": "e"
    },
    {
        "file": "char_495.png",
        "char": "g"
    },
    {
        "file": "char_496.png",
        "char": "i"
    },
    {
        "file": "char_497.png",
        "char": "o"
    },
    {
        "file": "char_498.png",
        "char": "«"
    },
    {
        "file": "char_499.png",
        "char": "M"
    },
    {
        "file": "char_500.png",
        "char": "a"
    },
    {
        "file": "char_501.png",
        "char": "n"
    },
    {
        "file": "char_502.png",
        "char": "g"
    },
    {
        "file": "char_503.png",
        "char": "a"
    },
    {
        "file": "char_504.png",
        "char": "i"
    },
    {
        "file": "char_505.png",
        "char": "n"
    },
    {
        "file": "char_506.png",
        "char": "f"
    },
    {
        "file": "char_507.png",
        "char": "r"
    },
    {
        "file": "char_508.png",
        "char": "o"
    },
    {
        "file": "char_509.png",
        "char": "G"
    },
    {
        "file": "char_510.png",
        "char": "v"
    },
    {
        "file": "char_511.png",
        "char": "n"
    },
    {
        "file": "char_512.png",
        "char": "0"
    },
    {
        "file": "char_513.png",
        "char": "("
    },
    {
        "file": "char_514.png",
        "char": "e"
    },
    {
        "file": "char_515.png",
        "char": "g"
    },
    {
        "file": "char_516.png",
        "char": "u"
    },
    {
        "file": "char_517.png",
        "char": "a"
    },
    {
        "file": "char_518.png",
        "char": "t"
    },
    {
        "file": "char_519.png",
        "char": "a"
    },
    {
        "file": "char_520.png",
        "char": "n"
    },
    {
        "file": "char_521.png",
        "char": "t"
    },
    {
        "file": "char_522.png",
        "char": "o"
    },
    {
        "file": "char_523.png",
        "char": "q"
    },
    {
        "file": "char_524.png",
        "char": "u"
    },
    {
        "file": "char_525.png",
        "char": "e"
    },
    {
        "file": "char_526.png",
        "char": "l"
    },
    {
        "file": "char_527.png",
        "char": "d"
    },
    {
        "file": "char_528.png",
        "char": "v"
    },
    {
        "file": "char_529.png",
        "char": "3"
    },
    {
        "file": "char_530.png",
        "char": "l"
    },
    {
        "file": "char_531.png",
        "char": "e"
    },
    {
        "file": "char_532.png",
        "char": "f"
    },
    {
        "file": "char_533.png",
        "char": "f"
    },
    {
        "file": "char_534.png",
        "char": "a"
    },
    {
        "file": "char_535.png",
        "char": "r"
    },
    {
        "file": "char_536.png",
        "char": "a"
    },
    {
        "file": "char_537.png",
        "char": "g"
    },
    {
        "file": "char_538.png",
        "char": "i"
    },
    {
        "file": "char_539.png",
        "char": "o"
    },
    {
        "file": "char_540.png",
        "char": "p"
    },
    {
        "file": "char_541.png",
        "char": "o"
    },
    {
        "file": "char_542.png",
        "char": "m"
    },
    {
        "file": "char_543.png",
        "char": "e"
    },
    {
        "file": "char_544.png",
        "char": "e"
    },
    {
        "file": "char_545.png",
        "char": "g"
    },
    {
        "file": "char_546.png",
        "char": "h"
    },
    {
        "file": "char_547.png",
        "char": "e"
    },
    {
        "file": "char_548.png",
        "char": "m"
    },
    {
        "file": "char_549.png",
        "char": "a"
    },
    {
        "file": "char_550.png",
        "char": "m"
    },
    {
        "file": "char_551.png",
        "char": "f"
    },
    {
        "file": "char_552.png",
        "char": "e"
    },
    {
        "file": "char_553.png",
        "char": "f"
    },
    {
        "file": "char_554.png",
        "char": "f"
    },
    {
        "file": "char_555.png",
        "char": ","
    },
    {
        "file": "char_556.png",
        "char": "K"
    },
    {
        "file": "char_557.png",
        "char": "e"
    },
    {
        "file": "char_558.png",
        "char": "n"
    },
    {
        "file": "char_559.png",
        "char": "t"
    },
    {
        "file": "char_560.png",
        "char": "G"
    },
    {
        "file": "char_561.png",
        "char": "i"
    },
    {
        "file": "char_562.png",
        "char": "n"
    },
    {
        "file": "char_563.png",
        "char": "o"
    },
    {
        "file": "char_564.png",
        "char": "S"
    },
    {
        "file": "char_565.png",
        "char": "v"
    },
    {
        "file": "char_566.png",
        "char": "e"
    },
    {
        "file": "char_567.png",
        "char": "f"
    },
    {
        "file": "char_568.png",
        "char": "h"
    },
    {
        "file": "char_569.png",
        "char": "r"
    },
    {
        "file": "char_570.png",
        "char": "o"
    },
    {
        "file": "char_571.png",
        "char": "f"
    },
    {
        "file": "char_572.png",
        "char": "b"
    },
    {
        "file": "char_573.png",
        "char": "e"
    },
    {
        "file": "char_574.png",
        "char": "f"
    },
    {
        "file": "char_575.png",
        "char": "o"
    },
    {
        "file": "char_576.png",
        "char": "m"
    },
    {
        "file": "char_577.png",
        "char": "e"
    },
    {
        "file": "char_578.png",
        "char": "n"
    },
    {
        "file": "char_579.png",
        "char": "i"
    },
    {
        "file": "char_580.png",
        "char": "s"
    },
    {
        "file": "char_581.png",
        "char": "e"
    },
    {
        "file": "char_582.png",
        "char": "c"
    },
    {
        "file": "char_583.png",
        "char": "a"
    },
    {
        "file": "char_584.png",
        "char": "r"
    },
    {
        "file": "char_585.png",
        "char": "t"
    },
    {
        "file": "char_586.png",
        "char": "i"
    },
    {
        "file": "char_587.png",
        "char": "a"
    },
    {
        "file": "char_588.png",
        "char": "n"
    },
    {
        "file": "char_589.png",
        "char": "a"
    },
    {
        "file": "char_590.png",
        "char": "v"
    },
    {
        "file": "char_591.png",
        "char": "i"
    },
    {
        "file": "char_592.png",
        "char": "n"
    },
    {
        "file": "char_593.png",
        "char": "e"
    },
    {
        "file": "char_594.png",
        "char": "f"
    },
    {
        "file": "char_595.png",
        "char": "f"
    },
    {
        "file": "char_596.png",
        "char": "e"
    },
    {
        "file": "char_597.png",
        "char": "l"
    },
    {
        "file": "char_598.png",
        "char": "e"
    },
    {
        "file": "char_599.png",
        "char": "«"
    },
    {
        "file": "char_600.png",
        "char": "G"
    },
    {
        "file": "char_601.png",
        "char": "o"
    },
    {
        "file": "char_602.png",
        "char": "f"
    },
    {
        "file": "char_603.png",
        "char": "i"
    },
    {
        "file": "char_604.png",
        "char": "m"
    },
    {
        "file": "char_605.png",
        "char": "a"
    },
    {
        "file": "char_606.png",
        "char": "t"
    },
    {
        "file": "char_607.png",
        "char": "e"
    },
    {
        "file": "char_608.png",
        "char": "f"
    },
    {
        "file": "char_609.png",
        "char": "i"
    },
    {
        "file": "char_610.png",
        "char": "f"
    },
    {
        "file": "char_611.png",
        "char": "a"
    },
    {
        "file": "char_612.png",
        "char": "f"
    },
    {
        "file": "char_613.png",
        "char": "i"
    },
    {
        "file": "char_614.png",
        "char": "v"
    },
    {
        "file": "char_615.png",
        "char": "n"
    },
    {
        "file": "char_616.png",
        "char": "h"
    },
    {
        "file": "char_617.png",
        "char": "e"
    },
    {
        "file": "char_618.png",
        "char": "q"
    },
    {
        "file": "char_619.png",
        "char": "u"
    },
    {
        "file": "char_620.png",
        "char": "e"
    },
    {
        "file": "char_621.png",
        "char": "l"
    },
    {
        "file": "char_622.png",
        "char": "l"
    },
    {
        "file": "char_623.png",
        "char": "e"
    },
    {
        "file": "char_624.png",
        "char": "f"
    },
    {
        "file": "char_625.png",
        "char": "r"
    },
    {
        "file": "char_626.png",
        "char": "a"
    },
    {
        "file": "char_627.png",
        "char": "n"
    },
    {
        "file": "char_628.png",
        "char": "a"
    },
    {
        "file": "char_629.png",
        "char": "c"
    },
    {
        "file": "char_630.png",
        "char": "m"
    },
    {
        "file": "char_631.png",
        "char": "s"
    },
    {
        "file": "char_632.png",
        "char": "f"
    },
    {
        "file": "char_633.png",
        "char": "a"
    },
    {
        "file": "char_634.png",
        "char": "l"
    },
    {
        "file": "char_635.png",
        "char": "a"
    },
    {
        "file": "char_636.png",
        "char": "n"
    },
    {
        "file": "char_637.png",
        "char": "o"
    },
    {
        "file": "char_638.png",
        "char": "f"
    },
    {
        "file": "char_639.png",
        "char": "i"
    },
    {
        "file": "char_640.png",
        "char": "e"
    },
    {
        "file": "char_641.png",
        "char": "n"
    },
    {
        "file": "char_642.png",
        "char": "p"
    },
    {
        "file": "char_643.png",
        "char": "e"
    },
    {
        "file": "char_644.png",
        "char": "r"
    },
    {
        "file": "char_645.png",
        "char": "r"
    },
    {
        "file": "char_646.png",
        "char": "e"
    },
    {
        "file": "char_647.png",
        "char": "n"
    },
    {
        "file": "char_648.png",
        "char": "f"
    },
    {
        "file": "char_649.png",
        "char": "a"
    },
    {
        "file": "char_650.png",
        "char": "r"
    },
    {
        "file": "char_651.png",
        "char": "s"
    },
    {
        "file": "char_652.png",
        "char": "t"
    },
    {
        "file": "char_653.png",
        "char": "e"
    },
    {
        "file": "char_654.png",
        "char": "m"
    },
    {
        "file": "char_655.png",
        "char": "r"
    },
    {
        "file": "char_656.png",
        "char": "n"
    },
    {
        "file": "char_657.png",
        "char": "q"
    },
    {
        "file": "char_658.png",
        "char": "u"
    },
    {
        "file": "char_659.png",
        "char": "e"
    },
    {
        "file": "char_660.png",
        "char": "f"
    },
    {
        "file": "char_661.png",
        "char": "t"
    },
    {
        "file": "char_662.png",
        "char": "a"
    },
    {
        "file": "char_663.png",
        "char": "l"
    },
    {
        "file": "char_664.png",
        "char": "m"
    },
    {
        "file": "char_665.png",
        "char": "o"
    },
    {
        "file": "char_666.png",
        "char": "["
    },
    {
        "file": "char_667.png",
        "char": "p"
    },
    {
        "file": "char_668.png",
        "char": "o"
    },
    {
        "file": "char_669.png",
        "char": "r"
    },
    {
        "file": "char_670.png",
        "char": "n"
    },
    {
        "file": "char_671.png",
        "char": "o"
    },
    {
        "file": "char_672.png",
        "char": "T"
    },
    {
        "file": "char_673.png",
        "char": "R"
    },
    {
        "file": "char_674.png",
        "char": "\""
    },
    {
        "file": "char_675.png",
        "char": "n"
    },
    {
        "file": "char_676.png",
        "char": "a"
    },
    {
        "file": "char_677.png",
        "char": "«"
    },
    {
        "file": "char_678.png",
        "char": "f"
    },
    {
        "file": "char_679.png",
        "char": "i"
    },
    {
        "file": "char_680.png",
        "char": "n"
    },
    {
        "file": "char_681.png",
        "char": "o"
    },
    {
        "file": "char_682.png",
        "char": "f"
    },
    {
        "file": "char_683.png",
        "char": "e"
    },
    {
        "file": "char_684.png",
        "char": "n"
    },
    {
        "file": "char_685.png",
        "char": "o"
    },
    {
        "file": "char_686.png",
        "char": "("
    },
    {
        "file": "char_687.png",
        "char": "r"
    },
    {
        "file": "char_688.png",
        "char": "e"
    },
    {
        "file": "char_689.png",
        "char": "v"
    },
    {
        "file": "char_690.png",
        "char": "f"
    },
    {
        "file": "char_691.png",
        "char": "e"
    },
    {
        "file": "char_692.png",
        "char": "g"
    },
    {
        "file": "char_693.png",
        "char": "r"
    },
    {
        "file": "char_694.png",
        "char": "a"
    },
    {
        "file": "char_695.png",
        "char": "d"
    },
    {
        "file": "char_696.png",
        "char": "e"
    },
    {
        "file": "char_697.png",
        "char": "S"
    },
    {
        "file": "char_698.png",
        "char": "u"
    },
    {
        "file": "char_699.png",
        "char": "i"
    },
    {
        "file": "char_700.png",
        "char": "f"
    },
    {
        "file": "char_701.png",
        "char": "u"
    },
    {
        "file": "char_702.png",
        "char": "n"
    },
    {
        "file": "char_703.png",
        "char": "c"
    },
    {
        "file": "char_704.png",
        "char": "l"
    },
    {
        "file": "char_705.png",
        "char": "e"
    },
    {
        "file": "char_706.png",
        "char": "m"
    },
    {
        "file": "char_707.png",
        "char": "e"
    },
    {
        "file": "char_708.png",
        "char": "i"
    },
    {
        "file": "char_709.png",
        "char": ";"
    },
    {
        "file": "char_710.png",
        "char": "n"
    },
    {
        "file": "char_711.png",
        "char": "i"
    },
    {
        "file": "char_712.png",
        "char": "‘"
    },
    {
        "file": "char_713.png",
        "char": "u"
    },
    {
        "file": "char_714.png",
        "char": "a"
    },
    {
        "file": "char_715.png",
        "char": "l"
    },
    {
        "file": "char_716.png",
        "char": "f"
    },
    {
        "file": "char_717.png",
        "char": "a"
    },
    {
        "file": "char_718.png",
        "char": "n"
    },
    {
        "file": "char_719.png",
        "char": "n"
    },
    {
        "file": "char_720.png",
        "char": "e"
    },
    {
        "file": "char_721.png",
        "char": "T"
    },
    {
        "file": "char_722.png",
        "char": "a"
    },
    {
        "file": "char_723.png",
        "char": "u"
    },
    {
        "file": "char_724.png",
        "char": "c"
    },
    {
        "file": "char_725.png",
        "char": "c"
    },
    {
        "file": "char_726.png",
        "char": "u"
    },
    {
        "file": "char_727.png",
        "char": "f"
    },
    {
        "file": "char_728.png",
        "char": "v"
    },
    {
        "file": "char_729.png",
        "char": "p"
    },
    {
        "file": "char_730.png",
        "char": "r"
    },
    {
        "file": "char_731.png",
        "char": "e"
    },
    {
        "file": "char_732.png",
        "char": "v"
    },
    {
        "file": "char_733.png",
        "char": "n"
    },
    {
        "file": "char_734.png",
        "char": "e"
    },
    {
        "file": "char_735.png",
        "char": "l"
    },
    {
        "file": "char_736.png",
        "char": "f"
    },
    {
        "file": "char_737.png",
        "char": "e"
    },
    {
        "file": "char_738.png",
        "char": "m"
    },
    {
        "file": "char_739.png",
        "char": "e"
    },
    {
        "file": "char_740.png",
        "char": "n"
    },
    {
        "file": "char_741.png",
        "char": "n"
    },
    {
        "file": "char_742.png",
        "char": "e"
    },
    {
        "file": "char_743.png",
        "char": "f"
    },
    {
        "file": "char_744.png",
        "char": "f"
    },
    {
        "file": "char_745.png",
        "char": "h"
    },
    {
        "file": "char_746.png",
        "char": ";"
    },
    {
        "file": "char_747.png",
        "char": "d"
    },
    {
        "file": "char_748.png",
        "char": "e"
    },
    {
        "file": "char_749.png",
        "char": "a"
    },
    {
        "file": "char_750.png",
        "char": "a"
    },
    {
        "file": "char_751.png",
        "char": "i"
    },
    {
        "file": "char_752.png",
        "char": "f"
    },
    {
        "file": "char_753.png",
        "char": "a"
    },
    {
        "file": "char_754.png",
        "char": "i"
    },
    {
        "file": "char_755.png",
        "char": ">"
    },
    {
        "file": "char_756.png",
        "char": "b"
    },
    {
        "file": "char_757.png",
        "char": "e"
    },
    {
        "file": "char_758.png",
        "char": "m"
    },
    {
        "file": "char_759.png",
        "char": "P"
    },
    {
        "file": "char_760.png",
        "char": "i"
    },
    {
        "file": "char_761.png",
        "char": "u"
    },
    {
        "file": "char_762.png",
        "char": "n"
    },
    {
        "file": "char_763.png",
        "char": "r"
    },
    {
        "file": "char_764.png",
        "char": "s"
    },
    {
        "file": "char_765.png",
        "char": "y"
    },
    {
        "file": "char_766.png",
        "char": "f"
    },
    {
        "file": "char_767.png",
        "char": "o"
    },
    {
        "file": "char_768.png",
        "char": "c"
    },
    {
        "file": "char_769.png",
        "char": "q"
    },
    {
        "file": "char_770.png",
        "char": "u"
    },
    {
        "file": "char_771.png",
        "char": "o"
    },
    {
        "file": "char_772.png",
        "char": "r"
    },
    {
        "file": "char_773.png",
        "char": "m"
    },
    {
        "file": "char_774.png",
        "char": "o"
    },
    {
        "file": "char_775.png",
        "char": "v"
    },
    {
        "file": "char_776.png",
        "char": "i"
    },
    {
        "file": "char_777.png",
        "char": "c"
    },
    {
        "file": "char_778.png",
        "char": "r"
    },
    {
        "file": "char_779.png",
        "char": "o"
    },
    {
        "file": "char_780.png",
        "char": "e"
    },
    {
        "file": "char_781.png",
        "char": "q"
    },
    {
        "file": "char_782.png",
        "char": "f"
    },
    {
        "file": "char_783.png",
        "char": "n"
    },
    {
        "file": "char_784.png",
        "char": "l"
    },
    {
        "file": "char_785.png",
        "char": "u"
    },
    {
        "file": "char_786.png",
        "char": "n"
    },
    {
        "file": "char_787.png",
        "char": "a"
    },
    {
        "file": "char_788.png",
        "char": "m"
    },
    {
        "file": "char_789.png",
        "char": "o"
    },
    {
        "file": "char_790.png",
        "char": "c"
    },
    {
        "file": "char_791.png",
        "char": "q"
    },
    {
        "file": "char_792.png",
        "char": "i"
    },
    {
        "file": "char_793.png",
        "char": "p"
    },
    {
        "file": "char_794.png",
        "char": "n"
    },
    {
        "file": "char_795.png",
        "char": "t"
    },
    {
        "file": "char_796.png",
        "char": "o"
    },
    {
        "file": "char_797.png",
        "char": "v"
    },
    {
        "file": "char_798.png",
        "char": "e"
    },
    {
        "file": "char_799.png",
        "char": "n"
    },
    {
        "file": "char_800.png",
        "char": "a"
    },
    {
        "file": "char_801.png",
        "char": "n"
    },
    {
        "file": "char_802.png",
        "char": "l"
    },
    {
        "file": "char_803.png",
        "char": "i"
    },
    {
        "file": "char_804.png",
        "char": "m"
    },
    {
        "file": "char_805.png",
        "char": "m"
    },
    {
        "file": "char_806.png",
        "char": "m"
    },
    {
        "file": "char_807.png",
        "char": "o"
    },
    {
        "file": "char_808.png",
        "char": "t"
    },
    {
        "file": "char_809.png",
        "char": "a"
    },
    {
        "file": "char_810.png",
        "char": "b"
    },
    {
        "file": "char_811.png",
        "char": "o"
    },
    {
        "file": "char_812.png",
        "char": "L"
    },
    {
        "file": "char_813.png",
        "char": "e"
    },
    {
        "file": "char_814.png",
        "char": "/"
    },
    {
        "file": "char_815.png",
        "char": "i"
    },
    {
        "file": "char_816.png",
        "char": "i"
    },
    {
        "file": "char_817.png",
        "char": "a"
    },
    {
        "file": "char_818.png",
        "char": "l"
    },
    {
        "file": "char_819.png",
        "char": "["
    },
    {
        "file": "char_820.png",
        "char": "e"
    },
    {
        "file": "char_821.png",
        "char": "l"
    },
    {
        "file": "char_822.png",
        "char": "e"
    },
    {
        "file": "char_823.png",
        "char": "«"
    },
    {
        "file": "char_824.png",
        "char": "d"
    },
    {
        "file": "char_825.png",
        "char": "f"
    },
    {
        "file": "char_826.png",
        "char": ">"
    },
    {
        "file": "char_827.png",
        "char": "s"
    },
    {
        "file": "char_828.png",
        "char": "F"
    },
    {
        "file": "char_829.png",
        "char": "l"
    },
    {
        "file": "char_830.png",
        "char": "a"
    },
    {
        "file": "char_831.png",
        "char": "t"
    },
    {
        "file": "char_832.png",
        "char": "s"
    },
    {
        "file": "char_833.png",
        "char": "l"
    },
    {
        "file": "char_834.png",
        "char": "["
    },
    {
        "file": "char_835.png",
        "char": "n"
    },
    {
        "file": "char_836.png",
        "char": "p"
    },
    {
        "file": "char_837.png",
        "char": "o"
    },
    {
        "file": "char_838.png",
        "char": "n"
    },
    {
        "file": "char_839.png",
        "char": "d"
    },
    {
        "file": "char_840.png",
        "char": "e"
    },
    {
        "file": "char_841.png",
        "char": "f"
    },
    {
        "file": "char_842.png",
        "char": "a"
    },
    {
        "file": "char_843.png",
        "char": "c"
    },
    {
        "file": "char_844.png",
        "char": "i"
    },
    {
        "file": "char_845.png",
        "char": "r"
    },
    {
        "file": "char_846.png",
        "char": "s"
    },
    {
        "file": "char_847.png",
        "char": "t"
    },
    {
        "file": "char_848.png",
        "char": "u"
    },
    {
        "file": "char_849.png",
        "char": "n"
    },
    {
        "file": "char_850.png",
        "char": "g"
    },
    {
        "file": "char_851.png",
        "char": "u"
    },
    {
        "file": "char_852.png",
        "char": "e"
    },
    {
        "file": "char_853.png",
        "char": "e"
    },
    {
        "file": "char_854.png",
        "char": "S"
    },
    {
        "file": "char_855.png",
        "char": "u"
    },
    {
        "file": "char_856.png",
        "char": "p"
    },
    {
        "file": "char_857.png",
        "char": "r"
    },
    {
        "file": "char_858.png",
        "char": "a"
    },
    {
        "file": "char_859.png",
        "char": "C"
    },
    {
        "file": "char_860.png",
        "char": "a"
    },
    {
        "file": "char_861.png",
        "char": "m"
    },
    {
        "file": "char_862.png",
        "char": "p"
    },
    {
        "file": "char_863.png",
        "char": "o"
    },
    {
        "file": "char_864.png",
        "char": "t"
    },
    {
        "file": "char_865.png",
        "char": "G"
    },
    {
        "file": "char_866.png",
        "char": "a"
    },
    {
        "file": "char_867.png",
        "char": "n"
    },
    {
        "file": "char_868.png",
        "char": "T"
    },
    {
        "file": "char_869.png",
        "char": "o"
    },
    {
        "file": "char_870.png",
        "char": "p"
    },
    {
        "file": "char_871.png",
        "char": "s"
    },
    {
        "file": "char_872.png",
        "char": "b"
    },
    {
        "file": "char_873.png",
        "char": "o"
    },
    {
        "file": "char_874.png",
        "char": "n"
    },
    {
        "file": "char_875.png",
        "char": "a"
    },
    {
        "file": "char_876.png",
        "char": "N"
    },
    {
        "file": "char_877.png",
        "char": "Q"
    },
    {
        "file": "char_878.png",
        "char": "o"
    },
    {
        "file": "char_879.png",
        "char": "s"
    },
    {
        "file": "char_880.png",
        "char": "i"
    },
    {
        "file": "char_881.png",
        "char": "p"
    },
    {
        "file": "char_882.png",
        "char": "i"
    },
    {
        "file": "char_883.png",
        "char": "o"
    },
    {
        "file": "char_884.png",
        "char": "r"
    },
    {
        "file": "char_885.png",
        "char": "o"
    },
    {
        "file": "char_886.png",
        "char": "p"
    },
    {
        "file": "char_887.png",
        "char": "e"
    },
    {
        "file": "char_888.png",
        "char": "r"
    },
    {
        "file": "char_889.png",
        "char": "s"
    },
    {
        "file": "char_890.png",
        "char": "a"
    },
    {
        "file": "char_891.png",
        "char": "P"
    },
    {
        "file": "char_892.png",
        "char": "a"
    },
    {
        "file": "char_893.png",
        "char": "f"
    },
    {
        "file": "char_894.png",
        "char": "f"
    },
    {
        "file": "char_895.png",
        "char": "a"
    },
    {
        "file": "char_896.png",
        "char": "t"
    },
    {
        "file": "char_897.png",
        "char": "e"
    },
    {
        "file": "char_898.png",
        "char": "T"
    },
    {
        "file": "char_899.png",
        "char": "o"
    },
    {
        "file": "char_900.png",
        "char": "l"
    },
    {
        "file": "char_901.png",
        "char": "l"
    },
    {
        "file": "char_902.png",
        "char": "a"
    },
    {
        "file": "char_903.png",
        "char": "p"
    },
    {
        "file": "char_904.png",
        "char": "a"
    },
    {
        "file": "char_905.png",
        "char": "r"
    },
    {
        "file": "char_906.png",
        "char": "t"
    },
    {
        "file": "char_907.png",
        "char": "m"
    },
    {
        "file": "char_908.png",
        "char": "p"
    },
    {
        "file": "char_909.png",
        "char": "e"
    },
    {
        "file": "char_910.png",
        "char": "r"
    },
    {
        "file": "char_911.png",
        "char": "i"
    },
    {
        "file": "char_912.png",
        "char": "o"
    },
    {
        "file": "char_913.png",
        "char": "r"
    },
    {
        "file": "char_914.png",
        "char": "e"
    },
    {
        "file": "char_915.png",
        "char": "‘"
    },
    {
        "file": "char_916.png",
        "char": "t"
    },
    {
        "file": "char_917.png",
        "char": "e"
    },
    {
        "file": "char_918.png",
        "char": "n"
    },
    {
        "file": "char_919.png",
        "char": "d"
    },
    {
        "file": "char_920.png",
        "char": "n"
    },
    {
        "file": "char_921.png",
        "char": "a"
    },
    {
        "file": "char_922.png",
        "char": "G"
    },
    {
        "file": "char_923.png",
        "char": "r"
    },
    {
        "file": "char_924.png",
        "char": ">"
    },
    {
        "file": "char_925.png",
        "char": "c"
    },
    {
        "file": "char_926.png",
        "char": "o"
    },
    {
        "file": "char_927.png",
        "char": "r"
    },
    {
        "file": "char_928.png",
        "char": "r"
    },
    {
        "file": "char_929.png",
        "char": "n"
    },
    {
        "file": "char_930.png",
        "char": "o"
    },
    {
        "file": "char_931.png",
        "char": "c"
    },
    {
        "file": "char_932.png",
        "char": "e"
    },
    {
        "file": "char_933.png",
        "char": "n"
    },
    {
        "file": "char_934.png",
        "char": "e"
    },
    {
        "file": "char_935.png",
        "char": "n"
    },
    {
        "file": "char_936.png",
        "char": "i"
    },
    {
        "file": "char_937.png",
        "char": "a"
    },
    {
        "file": "char_938.png",
        "char": "f"
    },
    {
        "file": "char_939.png",
        "char": "e"
    },
    {
        "file": "char_940.png",
        "char": "v"
    },
    {
        "file": "char_941.png",
        "char": "t"
    },
    {
        "file": "char_942.png",
        "char": "u"
    },
    {
        "file": "char_943.png",
        "char": "t"
    },
    {
        "file": "char_944.png",
        "char": "t"
    },
    {
        "file": "char_945.png",
        "char": "a"
    },
    {
        "file": "char_946.png",
        "char": "C"
    },
    {
        "file": "char_947.png",
        "char": "a"
    },
    {
        "file": "char_948.png",
        "char": "p"
    },
    {
        "file": "char_949.png",
        "char": "r"
    },
    {
        "file": "char_950.png",
        "char": "e"
    },
    {
        "file": "char_951.png",
        "char": "s"
    },
    {
        "file": "char_952.png",
        "char": "e"
    },
    {
        "file": "char_953.png",
        "char": "<"
    },
    {
        "file": "char_954.png",
        "char": "P"
    },
    {
        "file": "char_955.png",
        "char": "["
    },
    {
        "file": "char_956.png",
        "char": "r"
    },
    {
        "file": "char_957.png",
        "char": "d"
    },
    {
        "file": "char_958.png",
        "char": "l"
    },
    {
        "file": "char_959.png",
        "char": "u"
    },
    {
        "file": "char_960.png",
        "char": "n"
    },
    {
        "file": "char_961.png",
        "char": "a"
    },
    {
        "file": "char_962.png",
        "char": "f"
    },
    {
        "file": "char_963.png",
        "char": "e"
    },
    {
        "file": "char_964.png",
        "char": "r"
    },
    {
        "file": "char_965.png",
        "char": "a"
    },
    {
        "file": "char_966.png",
        "char": "n"
    },
    {
        "file": "char_967.png",
        "char": "r"
    },
    {
        "file": "char_968.png",
        "char": "e"
    },
    {
        "file": "char_969.png",
        "char": "f"
    },
    {
        "file": "char_970.png",
        "char": "p"
    },
    {
        "file": "char_971.png",
        "char": "i"
    },
    {
        "file": "char_972.png",
        "char": "n"
    },
    {
        "file": "char_973.png",
        "char": "t"
    },
    {
        "file": "char_974.png",
        "char": "o"
    },
    {
        "file": "char_975.png",
        "char": "a"
    },
    {
        "file": "char_976.png",
        "char": "l"
    },
    {
        "file": "char_977.png",
        "char": "a"
    },
    {
        "file": "char_978.png",
        "char": "t"
    },
    {
        "file": "char_979.png",
        "char": "o"
    },
    {
        "file": "char_980.png",
        "char": "m"
    },
    {
        "file": "char_981.png",
        "char": "u"
    },
    {
        "file": "char_982.png",
        "char": "i"
    },
    {
        "file": "char_983.png",
        "char": "s"
    },
    {
        "file": "char_984.png",
        "char": "l"
    },
    {
        "file": "char_985.png",
        "char": "q"
    },
    {
        "file": "char_986.png",
        "char": "e"
    },
    {
        "file": "char_987.png",
        "char": "t"
    },
    {
        "file": "char_988.png",
        "char": "a"
    },
    {
        "file": "char_989.png",
        "char": "l"
    },
    {
        "file": "char_990.png",
        "char": "a"
    },
    {
        "file": "char_991.png",
        "char": "l"
    },
    {
        "file": "char_992.png",
        "char": "a"
    },
    {
        "file": "char_993.png",
        "char": "n"
    },
    {
        "file": "char_994.png",
        "char": "a"
    },
    {
        "file": "char_995.png",
        "char": "a"
    },
    {
        "file": "char_996.png",
        "char": "l"
    },
    {
        "file": "char_997.png",
        "char": "l"
    },
    {
        "file": "char_998.png",
        "char": "e"
    },
    {
        "file": "char_999.png",
        "char": "P"
    },
    {
        "file": "char_1000.png",
        "char": "i"
    },
    {
        "file": "char_1001.png",
        "char": "r"
    },
    {
        "file": "char_1002.png",
        "char": "p"
    },
    {
        "file": "char_1003.png",
        "char": "a"
    },
    {
        "file": "char_1004.png",
        "char": "n"
    },
    {
        "file": "char_1005.png",
        "char": "e"
    },
    {
        "file": "char_1006.png",
        "char": "l"
    },
    {
        "file": "char_1007.png",
        "char": "l"
    },
    {
        "file": "char_1008.png",
        "char": "a"
    },
    {
        "file": "char_1009.png",
        "char": "m"
    },
    {
        "file": "char_1010.png",
        "char": "y"
    },
    {
        "file": "char_1011.png",
        "char": ":"
    },
    {
        "file": "char_1012.png",
        "char": "M"
    },
    {
        "file": "char_1013.png",
        "char": "T"
    },
    {
        "file": "char_1014.png",
        "char": "n"
    },
    {
        "file": "char_1015.png",
        "char": "e"
    },
    {
        "file": "char_1016.png",
        "char": "w"
    },
    {
        "file": "char_1017.png",
        "char": "«"
    },
    {
        "file": "char_1018.png",
        "char": "p"
    },
    {
        "file": "char_1019.png",
        "char": "o"
    },
    {
        "file": "char_1020.png",
        "char": "r"
    },
    {
        "file": "char_1021.png",
        "char": "n"
    },
    {
        "file": "char_1022.png",
        "char": "\""
    },
    {
        "file": "char_1023.png",
        "char": "o"
    },
    {
        "file": "char_1024.png",
        "char": "f"
    },
    {
        "file": "char_1025.png",
        "char": "i"
    },
    {
        "file": "char_1026.png",
        "char": "o"
    },
    {
        "file": "char_1027.png",
        "char": "m"
    },
    {
        "file": "char_1028.png",
        "char": "i"
    },
    {
        "file": "char_1029.png",
        "char": "r"
    },
    {
        "file": "char_1030.png",
        "char": "e"
    },
    {
        "file": "char_1031.png",
        "char": "l"
    },
    {
        "file": "char_1032.png",
        "char": "m"
    },
    {
        "file": "char_1033.png",
        "char": "e"
    },
    {
        "file": "char_1034.png",
        "char": "r"
    },
    {
        "file": "char_1035.png",
        "char": "e"
    },
    {
        "file": "char_1036.png",
        "char": "l"
    },
    {
        "file": "char_1037.png",
        "char": "a"
    },
    {
        "file": "char_1038.png",
        "char": "r"
    },
    {
        "file": "char_1039.png",
        "char": "r"
    },
    {
        "file": "char_1040.png",
        "char": "e"
    },
    {
        "file": "char_1041.png",
        "char": "o"
    },
    {
        "file": "char_1042.png",
        "char": "f"
    },
    {
        "file": "char_1043.png",
        "char": "i"
    },
    {
        "file": "char_1044.png",
        "char": "o"
    },
    {
        "file": "char_1045.png",
        "char": "o"
    },
    {
        "file": "char_1046.png",
        "char": "f"
    },
    {
        "file": "char_1047.png",
        "char": "f"
    },
    {
        "file": "char_1048.png",
        "char": "e"
    },
    {
        "file": "char_1049.png",
        "char": "n"
    },
    {
        "file": "char_1050.png",
        "char": "r"
    },
    {
        "file": "char_1051.png",
        "char": "a"
    },
    {
        "file": "char_1052.png",
        "char": "«"
    },
    {
        "file": "char_1053.png",
        "char": "h"
    },
    {
        "file": "char_1054.png",
        "char": "i"
    },
    {
        "file": "char_1055.png",
        "char": "I"
    },
    {
        "file": "char_1056.png",
        "char": "a"
    },
    {
        "file": "char_1057.png",
        "char": "l"
    },
    {
        "file": "char_1058.png",
        "char": "e"
    },
    {
        "file": "char_1059.png",
        "char": "t"
    },
    {
        "file": "char_1060.png",
        "char": "u"
    },
    {
        "file": "char_1061.png",
        "char": "n"
    },
    {
        "file": "char_1062.png",
        "char": "e"
    },
    {
        "file": "char_1063.png",
        "char": "."
    },
    {
        "file": "char_1064.png",
        "char": "e"
    },
    {
        "file": "char_1065.png",
        "char": "v"
    },
    {
        "file": "char_1066.png",
        "char": "e"
    },
    {
        "file": "char_1067.png",
        "char": "F"
    },
    {
        "file": "char_1068.png",
        "char": "i"
    },
    {
        "file": "char_1069.png",
        "char": "n"
    },
    {
        "file": "char_1070.png",
        "char": "t"
    },
    {
        "file": "char_1071.png",
        "char": "o"
    },
    {
        "file": "char_1072.png",
        "char": "K"
    },
    {
        "file": "char_1073.png",
        "char": "o"
    },
    {
        "file": "char_1074.png",
        "char": "l"
    },
    {
        "file": "char_1075.png",
        "char": "n"
    },
    {
        "file": "char_1076.png",
        "char": "n"
    },
    {
        "file": "char_1077.png",
        "char": "a"
    },
    {
        "file": "char_1078.png",
        "char": "b"
    },
    {
        "file": "char_1079.png",
        "char": "m"
    },
    {
        "file": "char_1080.png",
        "char": "p"
    },
    {
        "file": "char_1081.png",
        "char": "g"
    },
    {
        "file": "char_1082.png",
        "char": "M"
    },
    {
        "file": "char_1083.png",
        "char": "e"
    },
    {
        "file": "char_1084.png",
        "char": "m"
    },
    {
        "file": "char_1085.png",
        "char": "e"
    },
    {
        "file": "char_1086.png",
        "char": "l"
    },
    {
        "file": "char_1087.png",
        "char": "i"
    },
    {
        "file": "char_1088.png",
        "char": "c"
    },
    {
        "file": "char_1089.png",
        "char": "i"
    },
    {
        "file": "char_1090.png",
        "char": "e"
    },
    {
        "file": "char_1091.png",
        "char": "b"
    },
    {
        "file": "char_1092.png",
        "char": "e"
    },
    {
        "file": "char_1093.png",
        "char": "p"
    },
    {
        "file": "char_1094.png",
        "char": "e"
    },
    {
        "file": "char_1095.png",
        "char": "d"
    },
    {
        "file": "char_1096.png",
        "char": "u"
    },
    {
        "file": "char_1097.png",
        "char": "l"
    },
    {
        "file": "char_1098.png",
        "char": "a"
    },
    {
        "file": "char_1099.png",
        "char": "e"
    },
    {
        "file": "char_1100.png",
        "char": "i"
    },
    {
        "file": "char_1101.png",
        "char": "n"
    },
    {
        "file": "char_1102.png",
        "char": "d"
    },
    {
        "file": "char_1103.png",
        "char": "i"
    },
    {
        "file": "char_1104.png",
        "char": "T"
    },
    {
        "file": "char_1105.png",
        "char": "u"
    },
    {
        "file": "char_1106.png",
        "char": "r"
    },
    {
        "file": "char_1107.png",
        "char": "a"
    },
    {
        "file": "char_1108.png",
        "char": "c"
    },
    {
        "file": "char_1109.png",
        "char": "u"
    },
    {
        "file": "char_1110.png",
        "char": "n"
    },
    {
        "file": "char_1111.png",
        "char": "f"
    },
    {
        "file": "char_1112.png",
        "char": "o"
    },
    {
        "file": "char_1113.png",
        "char": "s"
    },
    {
        "file": "char_1114.png",
        "char": "h"
    },
    {
        "file": "char_1115.png",
        "char": "i"
    },
    {
        "file": "char_1116.png",
        "char": "i"
    },
    {
        "file": "char_1117.png",
        "char": "a"
    },
    {
        "file": "char_1118.png",
        "char": "a"
    },
    {
        "file": "char_1119.png",
        "char": "f"
    },
    {
        "file": "char_1120.png",
        "char": "l"
    },
    {
        "file": "char_1121.png",
        "char": "u"
    },
    {
        "file": "char_1122.png",
        "char": "m"
    },
    {
        "file": "char_1123.png",
        "char": "n"
    },
    {
        "file": "char_1124.png",
        "char": "a"
    },
    {
        "file": "char_1125.png",
        "char": "n"
    },
    {
        "file": "char_1126.png",
        "char": "i"
    },
    {
        "file": "char_1127.png",
        "char": "d"
    },
    {
        "file": "char_1128.png",
        "char": "a"
    },
    {
        "file": "char_1129.png",
        "char": "l"
    },
    {
        "file": "char_1130.png",
        "char": "l"
    },
    {
        "file": "char_1131.png",
        "char": "o"
    },
    {
        "file": "char_1132.png",
        "char": "("
    },
    {
        "file": "char_1133.png",
        "char": "e"
    },
    {
        "file": "char_1134.png",
        "char": "n"
    },
    {
        "file": "char_1135.png",
        "char": "n"
    },
    {
        "file": "char_1136.png",
        "char": "a"
    },
    {
        "file": "char_1137.png",
        "char": "I"
    },
    {
        "file": "char_1138.png",
        "char": "d"
    },
    {
        "file": "char_1139.png",
        "char": "e"
    },
    {
        "file": "char_1140.png",
        "char": "+"
    }
]